{"frames": {

"_0000s_0000_snowflake_Light_mb_04.png":
{
	"frame": {"x":30,"y":36,"w":11,"h":25},
	"rotated": false,
	"trimmed": false,
	"spriteSourceSize": {"x":0,"y":0,"w":11,"h":25},
	"sourceSize": {"w":11,"h":25}
},
"_0000s_0001_snowflake_Light_mb_03.png":
{
	"frame": {"x":13,"y":66,"w":13,"h":36},
	"rotated": false,
	"trimmed": false,
	"spriteSourceSize": {"x":0,"y":0,"w":13,"h":36},
	"sourceSize": {"w":13,"h":36}
},
"_0000s_0002_snowflake_Light_mb_02.png":
{
	"frame": {"x":0,"y":108,"w":14,"h":43},
	"rotated": false,
	"trimmed": false,
	"spriteSourceSize": {"x":0,"y":0,"w":14,"h":43},
	"sourceSize": {"w":14,"h":43}
},
"_0000s_0003_snowflake_Light_mb_01.png":
{
	"frame": {"x":68,"y":36,"w":19,"h":28},
	"rotated": false,
	"trimmed": false,
	"spriteSourceSize": {"x":0,"y":0,"w":19,"h":28},
	"sourceSize": {"w":19,"h":28}
},
"_0000s_0004_snowflake_Light_04.png":
{
	"frame": {"x":60,"y":0,"w":8,"h":9},
	"rotated": false,
	"trimmed": false,
	"spriteSourceSize": {"x":0,"y":0,"w":8,"h":9},
	"sourceSize": {"w":8,"h":9}
},
"_0000s_0005_snowflake_Light_03.png":
{
	"frame": {"x":99,"y":0,"w":11,"h":10},
	"rotated": false,
	"trimmed": false,
	"spriteSourceSize": {"x":0,"y":0,"w":11,"h":10},
	"sourceSize": {"w":11,"h":10}
},
"_0000s_0006_snowflake_Light_02.png":
{
	"frame": {"x":16,"y":0,"w":6,"h":6},
	"rotated": false,
	"trimmed": false,
	"spriteSourceSize": {"x":0,"y":0,"w":6,"h":6},
	"sourceSize": {"w":6,"h":6}
},
"_0000s_0007_snowflake_Light_01.png":
{
	"frame": {"x":0,"y":0,"w":8,"h":5},
	"rotated": false,
	"trimmed": false,
	"spriteSourceSize": {"x":0,"y":0,"w":8,"h":5},
	"sourceSize": {"w":8,"h":5}
},
"_0000s_0008_snowflake_b_03.png":
{
	"frame": {"x":62,"y":13,"w":18,"h":18},
	"rotated": false,
	"trimmed": false,
	"spriteSourceSize": {"x":0,"y":0,"w":18,"h":18},
	"sourceSize": {"w":18,"h":18}
},
"_0000s_0009_snowflake_b_02.png":
{
	"frame": {"x":80,"y":13,"w":19,"h":19},
	"rotated": false,
	"trimmed": false,
	"spriteSourceSize": {"x":0,"y":0,"w":19,"h":19},
	"sourceSize": {"w":19,"h":19}
},
"_0000s_0010_snowflake_b_01.png":
{
	"frame": {"x":13,"y":13,"w":17,"h":15},
	"rotated": false,
	"trimmed": false,
	"spriteSourceSize": {"x":0,"y":0,"w":17,"h":15},
	"sourceSize": {"w":17,"h":15}
},
"_0000s_0011_snowflake_mb_04.png":
{
	"frame": {"x":19,"y":36,"w":11,"h":24},
	"rotated": false,
	"trimmed": false,
	"spriteSourceSize": {"x":0,"y":0,"w":11,"h":24},
	"sourceSize": {"w":11,"h":24}
},
"_0000s_0012_snowflake_mb_03.png":
{
	"frame": {"x":0,"y":66,"w":13,"h":35},
	"rotated": false,
	"trimmed": false,
	"spriteSourceSize": {"x":0,"y":0,"w":13,"h":35},
	"sourceSize": {"w":13,"h":35}
},
"_0000s_0013_snowflake_mb_02.png":
{
	"frame": {"x":14,"y":108,"w":14,"h":43},
	"rotated": false,
	"trimmed": false,
	"spriteSourceSize": {"x":0,"y":0,"w":14,"h":43},
	"sourceSize": {"w":14,"h":43}
},
"_0000s_0014_snowflake_mb_01.png":
{
	"frame": {"x":0,"y":36,"w":19,"h":23},
	"rotated": false,
	"trimmed": false,
	"spriteSourceSize": {"x":0,"y":0,"w":19,"h":23},
	"sourceSize": {"w":19,"h":23}
},
"_0000s_0015_snowflake_04.png":
{
	"frame": {"x":28,"y":0,"w":8,"h":8},
	"rotated": false,
	"trimmed": false,
	"spriteSourceSize": {"x":0,"y":0,"w":8,"h":8},
	"sourceSize": {"w":8,"h":8}
},
"_0000s_0016_snowflake_03.png":
{
	"frame": {"x":78,"y":0,"w":11,"h":10},
	"rotated": false,
	"trimmed": false,
	"spriteSourceSize": {"x":0,"y":0,"w":11,"h":10},
	"sourceSize": {"w":11,"h":10}
},
"_0000s_0017_snowflake_02.png":
{
	"frame": {"x":22,"y":0,"w":6,"h":7},
	"rotated": false,
	"trimmed": false,
	"spriteSourceSize": {"x":0,"y":0,"w":6,"h":7},
	"sourceSize": {"w":6,"h":7}
},
"_0000s_0018_snowflake_01.png":
{
	"frame": {"x":8,"y":0,"w":8,"h":6},
	"rotated": false,
	"trimmed": false,
	"spriteSourceSize": {"x":0,"y":0,"w":8,"h":6},
	"sourceSize": {"w":8,"h":6}
},
"_0001s_0000_snowflake_Light_mb_04.png":
{
	"frame": {"x":42,"y":66,"w":16,"h":39},
	"rotated": false,
	"trimmed": false,
	"spriteSourceSize": {"x":0,"y":0,"w":16,"h":39},
	"sourceSize": {"w":16,"h":39}
},
"_0001s_0001_snowflake_Light_mb_03.png":
{
	"frame": {"x":28,"y":108,"w":21,"h":56},
	"rotated": false,
	"trimmed": false,
	"spriteSourceSize": {"x":0,"y":0,"w":21,"h":56},
	"sourceSize": {"w":21,"h":56}
},
"_0001s_0002_snowflake_Light_mb_02.png":
{
	"frame": {"x":70,"y":108,"w":22,"h":67},
	"rotated": false,
	"trimmed": false,
	"spriteSourceSize": {"x":0,"y":0,"w":22,"h":67},
	"sourceSize": {"w":22,"h":67}
},
"_0001s_0003_snowflake_Light_mb_01.png":
{
	"frame": {"x":87,"y":66,"w":29,"h":42},
	"rotated": false,
	"trimmed": false,
	"spriteSourceSize": {"x":0,"y":0,"w":29,"h":42},
	"sourceSize": {"w":29,"h":42}
},
"_0001s_0004_snowflake_Light_04.png":
{
	"frame": {"x":110,"y":0,"w":13,"h":13},
	"rotated": false,
	"trimmed": false,
	"spriteSourceSize": {"x":0,"y":0,"w":13,"h":13},
	"sourceSize": {"w":13,"h":13}
},
"_0001s_0005_snowflake_Light_03.png":
{
	"frame": {"x":46,"y":13,"w":16,"h":16},
	"rotated": false,
	"trimmed": false,
	"spriteSourceSize": {"x":0,"y":0,"w":16,"h":16},
	"sourceSize": {"w":16,"h":16}
},
"_0001s_0006_snowflake_Light_02.png":
{
	"frame": {"x":89,"y":0,"w":10,"h":10},
	"rotated": false,
	"trimmed": false,
	"spriteSourceSize": {"x":0,"y":0,"w":10,"h":10},
	"sourceSize": {"w":10,"h":10}
},
"_0001s_0007_snowflake_Light_01.png":
{
	"frame": {"x":36,"y":0,"w":12,"h":9},
	"rotated": false,
	"trimmed": false,
	"spriteSourceSize": {"x":0,"y":0,"w":12,"h":9},
	"sourceSize": {"w":12,"h":9}
},
"_0001s_0008_snowflake_b_03.png":
{
	"frame": {"x":41,"y":36,"w":27,"h":27},
	"rotated": false,
	"trimmed": false,
	"spriteSourceSize": {"x":0,"y":0,"w":27,"h":27},
	"sourceSize": {"w":27,"h":27}
},
"_0001s_0009_snowflake_b_02.png":
{
	"frame": {"x":87,"y":36,"w":30,"h":30},
	"rotated": false,
	"trimmed": false,
	"spriteSourceSize": {"x":0,"y":0,"w":30,"h":30},
	"sourceSize": {"w":30,"h":30}
},
"_0001s_0010_snowflake_b_01.png":
{
	"frame": {"x":99,"y":13,"w":25,"h":23},
	"rotated": false,
	"trimmed": false,
	"spriteSourceSize": {"x":0,"y":0,"w":25,"h":23},
	"sourceSize": {"w":25,"h":23}
},
"_0001s_0011_snowflake_mb_04.png":
{
	"frame": {"x":26,"y":66,"w":16,"h":39},
	"rotated": false,
	"trimmed": false,
	"spriteSourceSize": {"x":0,"y":0,"w":16,"h":39},
	"sourceSize": {"w":16,"h":39}
},
"_0001s_0012_snowflake_mb_03.png":
{
	"frame": {"x":49,"y":108,"w":21,"h":56},
	"rotated": false,
	"trimmed": false,
	"spriteSourceSize": {"x":0,"y":0,"w":21,"h":56},
	"sourceSize": {"w":21,"h":56}
},
"_0001s_0013_snowflake_mb_02.png":
{
	"frame": {"x":92,"y":108,"w":22,"h":67},
	"rotated": false,
	"trimmed": false,
	"spriteSourceSize": {"x":0,"y":0,"w":22,"h":67},
	"sourceSize": {"w":22,"h":67}
},
"_0001s_0014_snowflake_mb_01.png":
{
	"frame": {"x":58,"y":66,"w":29,"h":42},
	"rotated": false,
	"trimmed": false,
	"spriteSourceSize": {"x":0,"y":0,"w":29,"h":42},
	"sourceSize": {"w":29,"h":42}
},
"_0001s_0015_snowflake_04.png":
{
	"frame": {"x":0,"y":13,"w":13,"h":13},
	"rotated": false,
	"trimmed": false,
	"spriteSourceSize": {"x":0,"y":0,"w":13,"h":13},
	"sourceSize": {"w":13,"h":13}
},
"_0001s_0016_snowflake_03.png":
{
	"frame": {"x":30,"y":13,"w":16,"h":16},
	"rotated": false,
	"trimmed": false,
	"spriteSourceSize": {"x":0,"y":0,"w":16,"h":16},
	"sourceSize": {"w":16,"h":16}
},
"_0001s_0017_snowflake_02.png":
{
	"frame": {"x":68,"y":0,"w":10,"h":10},
	"rotated": false,
	"trimmed": false,
	"spriteSourceSize": {"x":0,"y":0,"w":10,"h":10},
	"sourceSize": {"w":10,"h":10}
},
"_0001s_0018_snowflake_01.png":
{
	"frame": {"x":48,"y":0,"w":12,"h":9},
	"rotated": false,
	"trimmed": false,
	"spriteSourceSize": {"x":0,"y":0,"w":12,"h":9},
	"sourceSize": {"w":12,"h":9}
}},
"animations": {
},
"meta": {
	"app": "https://www.codeandweb.com/texturepacker",
	"version": "1.0",
	"image": "snflakes.png",
	"format": "RGBA8888",
	"size": {"w":124,"h":175},
	"scale": "1",
	"smartupdate": "$TexturePacker:SmartUpdate:9b2a5a8f50e42050ae2e0fdcda6eebc0:039cb2e1b4991f48bcc13b24ab4483b8:be66af98132d2ac7daec1bbb865bac29$"
}
}
